{"nm":"Main Scene","ddd":0,"h":512,"w":512,"meta":{"g":"@lottiefiles/creator 1.66.2"},"layers":[{"ty":0,"nm":"Sign2Speak","sr":1,"st":0,"op":150,"ip":0,"hd":false,"ddd":0,"bm":0,"hasMask":false,"ao":0,"ks":{"a":{"a":0,"k":[243.50000700560315,58.49999530479471]},"s":{"a":0,"k":[70,70]},"sk":{"a":0,"k":0},"p":{"a":0,"k":[225.55189874342156,256.99999020050785]},"r":{"a":0,"k":0},"sa":{"a":0,"k":0},"o":{"a":0,"k":100}},"w":487,"h":117,"refId":"precomp_Shape Layer - SVG_65mnzsaUjo_0340e345-16ec-4319-b0e8-7d49b815b4b0","ind":1},{"ty":0,"nm":"+","sr":1,"st":0,"op":150,"ip":0,"hd":false,"ddd":0,"bm":0,"hasMask":false,"ao":0,"ks":{"a":{"a":0,"k":[27.499988572118724,65.00000452153688]},"s":{"a":0,"k":[100,100]},"sk":{"a":0,"k":0},"p":{"a":0,"k":[429.3980266756384,254.9999925915276]},"r":{"a":1,"k":[{"o":{"x":0.7,"y":0.064},"i":{"x":0.3,"y":0.936},"s":[0],"t":0},{"s":[360],"t":42}]},"sa":{"a":0,"k":0},"o":{"a":0,"k":100}},"w":55,"h":130,"refId":"precomp_Shape Layer - SVG_zGQw6spt5k_be8ee99e-4132-4e63-b151-e30416d47e2b","ind":2}],"v":"5.7.0","fr":30,"op":150,"ip":0,"assets":[{"nm":"file","id":"precomp_Shape Layer - SVG_zGQw6spt5k_be8ee99e-4132-4e63-b151-e30416d47e2b","layers":[{"ty":4,"nm":"Shape Layer 2","sr":1,"st":0,"op":150,"ip":0,"hd":false,"ddd":0,"bm":0,"hasMask":false,"ao":0,"ks":{"a":{"a":0,"k":[27.099981962129505,68.50000705848993]},"s":{"a":0,"k":[100,100]},"sk":{"a":0,"k":0},"p":{"a":0,"k":[27.099981962129505,68.50000705848993]},"r":{"a":0,"k":0},"sa":{"a":0,"k":0},"o":{"a":0,"k":100}},"shapes":[{"ty":"gr","bm":0,"hd":false,"nm":"Group 2","np":2,"it":[{"ty":"sh","bm":0,"hd":false,"nm":"Path 2","d":1,"ks":{"a":0,"k":{"c":true,"i":[[0,0],[0,0],[0,0],[0,0],[0,0],[0,0],[0,0],[0,0],[0,0],[0,0],[0,0],[0,0],[0,0]],"o":[[0,0],[0,0],[0,0],[0,0],[0,0],[0,0],[0,0],[0,0],[0,0],[0,0],[0,0],[0,0],[0,0]],"v":[[21.3,91.6],[21.3,73.9],[4.5,73.9],[4.5,62.9],[21.3,62.9],[21.3,45.4],[32.9,45.4],[32.9,62.9],[49.7,62.9],[49.7,73.9],[32.9,73.9],[32.9,91.6],[21.3,91.6]]}}},{"ty":"fl","bm":0,"hd":false,"nm":"Fill","c":{"a":0,"k":[1,0,0]},"r":1,"o":{"a":0,"k":100}},{"ty":"tr","a":{"a":0,"k":[27.099981962129505,68.50000705848993]},"s":{"a":0,"k":[100,100]},"sk":{"a":0,"k":0},"p":{"a":0,"k":[27.099981962129505,68.50000705848993]},"r":{"a":0,"k":0},"sa":{"a":0,"k":0},"o":{"a":0,"k":100}}]}],"ind":1}]},{"nm":"file_1","id":"precomp_Shape Layer - SVG_65mnzsaUjo_0340e345-16ec-4319-b0e8-7d49b815b4b0","layers":[{"ty":4,"nm":"Shape Layer 3","sr":1,"st":0,"op":150,"ip":0,"hd":false,"ddd":0,"bm":0,"hasMask":false,"ao":0,"ks":{"a":{"a":0,"k":[244.0800350235719,66.73499774518723]},"s":{"a":0,"k":[100,100]},"sk":{"a":0,"k":0},"p":{"a":0,"k":[244.0800350235719,66.73499774518723]},"r":{"a":0,"k":0},"sa":{"a":0,"k":0},"o":{"a":0,"k":100}},"shapes":[{"ty":"gr","bm":0,"hd":false,"nm":"Group 3","np":2,"it":[{"ty":"sh","bm":0,"hd":false,"nm":"Path 3","d":1,"ks":{"a":0,"k":{"c":true,"i":[[0,0],[4.11,2.19],[2.64,4.68],[0,0],[0,0],[-2.43,-1.53],[-2.88,0],[0,0],[-1.71,1.32],[0,2.16],[0,0],[1.26,1.26],[1.95,0.75],[3.18,0.84],[0,0],[2.79,2.94],[0,4.62],[0,0],[-1.86,2.85],[-3.36,1.56],[-4.38,0],[0,0],[-3.33,-1.98],[-2.46,-3.84],[0,0],[0,0],[1.62,1.11],[2.28,0],[0,0],[1.62,-1.26],[0,-2.1],[0,0],[-1.62,-1.05],[-3.42,-1.08],[0,0],[-2.52,-1.14],[-2.16,-2.67],[0,-4.38],[0,0],[1.86,-2.91],[3.48,-1.59],[4.68,0],[0,0]],"o":[[-5.22,0],[-4.11,-2.19],[0,0],[0,0],[1.56,3.12],[2.43,1.53],[0,0],[2.88,0],[1.71,-1.32],[0,0],[0,-1.98],[-1.26,-1.26],[-1.95,-0.75],[0,0],[-5.04,-1.32],[-2.79,-2.94],[0,0],[0,-3.72],[1.86,-2.85],[3.36,-1.56],[0,0],[4.74,0],[3.33,1.98],[0,0],[0,0],[-1.56,-2.52],[-1.62,-1.11],[0,0],[-2.58,0],[-1.62,1.26],[0,0],[0,2.1],[1.62,1.05],[0,0],[4.2,1.32],[2.52,1.14],[2.16,2.67],[0,0],[0,3.78],[-1.86,2.91],[-3.48,1.59],[0,0],[0,0]],"v":[[25.02,91.17],[11.03,87.89],[0.9,77.58],[0.9,77.58],[11.79,70.65],[17.77,77.63],[25.74,79.92],[25.74,79.92],[32.63,77.94],[35.19,72.72],[35.19,72.72],[33.3,67.86],[28.48,64.84],[20.79,62.46],[20.79,62.46],[9.04,56.07],[4.86,44.73],[4.86,44.73],[7.65,34.88],[15.48,28.26],[27.09,25.92],[27.09,25.92],[39.2,28.89],[47.88,37.62],[47.88,37.62],[37.08,44.28],[32.31,38.84],[26.46,37.17],[26.46,37.17],[20.16,39.06],[17.73,44.1],[17.73,44.1],[20.16,48.83],[27.72,52.02],[27.72,52.02],[37.8,55.71],[44.82,61.42],[48.06,72],[48.06,72],[45.27,82.03],[37.26,88.78],[25.02,91.17],[25.02,91.17]]}}},{"ty":"fl","bm":0,"hd":false,"nm":"Fill","c":{"a":0,"k":[1,1,1]},"r":1,"o":{"a":0,"k":100}},{"ty":"tr","a":{"a":0,"k":[24.480000668911636,58.54500065678957]},"s":{"a":0,"k":[100,100]},"sk":{"a":0,"k":0},"p":{"a":0,"k":[24.480000668911636,58.54500065678957]},"r":{"a":0,"k":0},"sa":{"a":0,"k":0},"o":{"a":0,"k":100}}]},{"ty":"gr","bm":0,"hd":false,"nm":"Group 4","np":3,"it":[{"ty":"sh","bm":0,"hd":false,"nm":"Path 4","d":1,"ks":{"a":0,"k":{"c":true,"i":[[0,0],[0,0],[0,0],[0,0],[0,0]],"o":[[0,0],[0,0],[0,0],[0,0],[0,0]],"v":[[53.64,90],[53.64,43.2],[65.79,43.2],[65.79,90],[53.64,90]]}}},{"ty":"sh","bm":0,"hd":false,"nm":"Path 5","d":1,"ks":{"a":0,"k":{"c":true,"i":[[0,0],[-1.41,1.38],[-2.04,0],[0,0],[-1.38,-1.38],[0,-1.98],[0,0],[1.38,-1.38],[2.1,0],[0,0],[1.41,1.41],[0,1.98],[0,0]],"o":[[0,-1.98],[1.41,-1.38],[0,0],[2.1,0],[1.38,1.38],[0,0],[0,2.04],[-1.38,1.38],[0,0],[-2.04,0],[-1.41,-1.41],[0,0],[0,0]],"v":[[52.38,32.13],[54.49,27.09],[59.67,25.02],[59.67,25.02],[64.89,27.09],[66.96,32.13],[66.96,32.13],[64.89,37.26],[59.67,39.33],[59.67,39.33],[54.49,37.22],[52.38,32.13],[52.38,32.13]]}}},{"ty":"fl","bm":0,"hd":false,"nm":"Fill","c":{"a":0,"k":[1,1,1]},"r":1,"o":{"a":0,"k":100}},{"ty":"tr","a":{"a":0,"k":[59.67000152796051,57.509997378555624]},"s":{"a":0,"k":[100,100]},"sk":{"a":0,"k":0},"p":{"a":0,"k":[59.67000152796051,57.509997378555624]},"r":{"a":0,"k":0},"sa":{"a":0,"k":0},"o":{"a":0,"k":100}}]},{"ty":"gr","bm":0,"hd":false,"nm":"Group 5","np":3,"it":[{"ty":"sh","bm":0,"hd":false,"nm":"Path 6","d":1,"ks":{"a":0,"k":{"c":true,"i":[[0,0],[3.66,1.35],[2.7,3.18],[0,0],[0,0],[-2.37,-0.96],[-3.12,0],[0,0],[-1.86,1.11],[-1.11,1.95],[0,2.4],[0,0],[0,0],[2.22,-1.23],[3.6,0],[0,0],[3.48,2.13],[1.98,3.69],[0,4.44],[0,0],[-1.98,3.69],[-3.48,2.13],[-4.2,0],[0,0],[-2.25,-1.29],[-1.32,-2.46],[0,0],[0,0],[0,0],[0,0],[2.07,-3.51],[3.69,-1.89],[4.74,0],[0,0]],"o":[[-4.92,0],[-3.66,-1.35],[0,0],[0,0],[2.1,2.4],[2.37,0.96],[0,0],[2.16,0],[1.86,-1.11],[1.11,-1.95],[0,0],[0,0],[-1.38,2.34],[-2.22,1.23],[0,0],[-4.2,0],[-3.48,-2.13],[-1.98,-3.69],[0,0],[0,-4.44],[1.98,-3.69],[3.48,-2.13],[0,0],[3.72,0],[2.25,1.29],[0,0],[0,0],[0,0],[0,0],[0,4.74],[-2.07,3.51],[-3.69,1.89],[0,0],[0,0]],"v":[[95.76,109.17],[82.89,107.14],[73.35,100.35],[73.35,100.35],[80.91,91.44],[87.61,96.48],[95.85,97.92],[95.85,97.92],[101.88,96.25],[106.34,91.67],[108,85.14],[108,85.14],[108,83.07],[102.6,88.42],[93.87,90.27],[93.87,90.27],[82.35,87.08],[74.16,78.34],[71.19,66.15],[71.19,66.15],[74.16,53.95],[82.35,45.23],[93.87,42.03],[93.87,42.03],[102.83,43.97],[108.18,49.59],[108.18,49.59],[108.18,43.2],[120.15,43.2],[120.15,85.86],[117.05,98.23],[108.41,106.34],[95.76,109.17],[95.76,109.17]]}}},{"ty":"sh","bm":0,"hd":false,"nm":"Path 7","d":1,"ks":{"a":0,"k":{"c":true,"i":[[0,0],[-2.25,-2.49],[-3.84,0],[0,0],[-2.28,2.46],[0,3.78],[0,0],[2.28,2.46],[3.9,0],[0,0],[2.25,-2.46],[0,-3.78],[0,0]],"o":[[0,3.72],[2.25,2.49],[0,0],[3.9,0],[2.28,-2.46],[0,0],[0,-3.78],[-2.28,-2.46],[0,0],[-3.84,0],[-2.25,2.46],[0,0],[0,0]],"v":[[83.34,66.15],[86.72,75.47],[95.85,79.2],[95.85,79.2],[105.12,75.51],[108.54,66.15],[108.54,66.15],[105.12,56.79],[95.85,53.1],[95.85,53.1],[86.72,56.79],[83.34,66.15],[83.34,66.15]]}}},{"ty":"fl","bm":0,"hd":false,"nm":"Fill","c":{"a":0,"k":[1,1,1]},"r":1,"o":{"a":0,"k":100}},{"ty":"tr","a":{"a":0,"k":[95.67000655549548,75.6000013795707]},"s":{"a":0,"k":[100,100]},"sk":{"a":0,"k":0},"p":{"a":0,"k":[95.67000655549548,75.6000013795707]},"r":{"a":0,"k":0},"sa":{"a":0,"k":0},"o":{"a":0,"k":100}}]},{"ty":"gr","bm":0,"hd":false,"nm":"Group 6","np":2,"it":[{"ty":"sh","bm":0,"hd":false,"nm":"Path 8","d":1,"ks":{"a":0,"k":{"c":true,"i":[[0,0],[0,0],[0,0],[0,0],[-7.08,0],[0,0],[-2.7,-1.59],[-1.56,-2.91],[0,-3.84],[0,0],[0,0],[0,0],[0,0],[1.8,1.92],[3.12,0],[0,0],[1.86,-1.95],[0,-3.84],[0,0],[0,0],[0,0]],"o":[[0,0],[0,0],[0,0],[2.46,-5.28],[0,0],[3.36,0],[2.7,1.59],[1.56,2.91],[0,0],[0,0],[0,0],[0,0],[0,-3.9],[-1.8,-1.92],[0,0],[-2.76,0],[-1.86,1.95],[0,0],[0,0],[0,0],[0,0]],"v":[[127.35,90],[127.35,43.2],[139.32,43.2],[139.32,50.04],[153.63,42.12],[153.63,42.12],[162.72,44.51],[169.11,51.26],[171.45,61.38],[171.45,61.38],[171.45,90],[159.3,90],[159.3,64.35],[156.6,55.62],[149.22,52.74],[149.22,52.74],[142.29,55.66],[139.5,64.35],[139.5,64.35],[139.5,90],[127.35,90]]}}},{"ty":"fl","bm":0,"hd":false,"nm":"Fill","c":{"a":0,"k":[1,1,1]},"r":1,"o":{"a":0,"k":100}},{"ty":"tr","a":{"a":0,"k":[149.4000188517974,66.05999119920142]},"s":{"a":0,"k":[100,100]},"sk":{"a":0,"k":0},"p":{"a":0,"k":[149.4000188517974,66.05999119920142]},"r":{"a":0,"k":0},"sa":{"a":0,"k":0},"o":{"a":0,"k":100}}]},{"ty":"gr","bm":0,"hd":false,"nm":"Group 7","np":2,"it":[{"ty":"sh","bm":0,"hd":false,"nm":"Path 9","d":1,"ks":{"a":0,"k":{"c":true,"i":[[0,0],[0,0],[0,0],[-1.08,1.98],[0,1.8],[0,0],[1.65,1.65],[2.88,0],[0,0],[1.59,-1.77],[0,-3.24],[0,0],[0,0],[-1.92,3.3],[-3.42,1.86],[-4.26,0],[0,0],[-3.36,-1.77],[-1.89,-3.06],[0,-3.72],[0,0],[0.81,-2.25],[2.04,-2.58],[0,0],[0,0],[1.68,-1.2],[0,0],[0,0],[0,0],[0,0]],"o":[[0,0],[0,0],[2.04,-2.4],[1.08,-1.98],[0,0],[0,-2.76],[-1.65,-1.65],[0,0],[-2.94,0],[-1.59,1.77],[0,0],[0,0],[0,-4.26],[1.92,-3.3],[3.42,-1.86],[0,0],[4.26,0],[3.36,1.77],[1.89,3.06],[0,0],[0,2.58],[-0.81,2.25],[0,0],[0,0],[-2.04,2.64],[0,0],[0,0],[0,0],[0,0],[0,0]],"v":[[176.13,90],[176.13,88.56],[201.33,58.86],[206,52.29],[207.63,46.62],[207.63,46.62],[205.16,40],[198.36,37.53],[198.36,37.53],[191.56,40.19],[189.18,47.7],[189.18,47.7],[176.13,47.7],[179,36.36],[187.02,28.62],[198.54,25.83],[198.54,25.83],[209.97,28.48],[217.84,35.73],[220.68,45.9],[220.68,45.9],[219.46,53.15],[215.19,60.39],[215.19,60.39],[205.38,73.17],[199.8,78.93],[199.8,78.93],[221.04,78.93],[221.04,90],[176.13,90]]}}},{"ty":"fl","bm":0,"hd":false,"nm":"Fill","c":{"a":0,"k":[1,1,1]},"r":1,"o":{"a":0,"k":100}},{"ty":"tr","a":{"a":0,"k":[198.58499751743605,57.914990246056504]},"s":{"a":0,"k":[100,100]},"sk":{"a":0,"k":0},"p":{"a":0,"k":[198.58499751743605,57.914990246056504]},"r":{"a":0,"k":0},"sa":{"a":0,"k":0},"o":{"a":0,"k":100}}]},{"ty":"gr","bm":0,"hd":false,"nm":"Group 8","np":2,"it":[{"ty":"sh","bm":0,"hd":false,"nm":"Path 10","d":1,"ks":{"a":0,"k":{"c":true,"i":[[0,0],[4.11,2.19],[2.64,4.68],[0,0],[0,0],[-2.43,-1.53],[-2.88,0],[0,0],[-1.71,1.32],[0,2.16],[0,0],[1.26,1.26],[1.95,0.75],[3.18,0.84],[0,0],[2.79,2.94],[0,4.62],[0,0],[-1.86,2.85],[-3.36,1.56],[-4.38,0],[0,0],[-3.33,-1.98],[-2.46,-3.84],[0,0],[0,0],[1.62,1.11],[2.28,0],[0,0],[1.62,-1.26],[0,-2.1],[0,0],[-1.62,-1.05],[-3.42,-1.08],[0,0],[-2.52,-1.14],[-2.16,-2.67],[0,-4.38],[0,0],[1.86,-2.91],[3.48,-1.59],[4.68,0],[0,0]],"o":[[-5.22,0],[-4.11,-2.19],[0,0],[0,0],[1.56,3.12],[2.43,1.53],[0,0],[2.88,0],[1.71,-1.32],[0,0],[0,-1.98],[-1.26,-1.26],[-1.95,-0.75],[0,0],[-5.04,-1.32],[-2.79,-2.94],[0,0],[0,-3.72],[1.86,-2.85],[3.36,-1.56],[0,0],[4.74,0],[3.33,1.98],[0,0],[0,0],[-1.56,-2.52],[-1.62,-1.11],[0,0],[-2.58,0],[-1.62,1.26],[0,0],[0,2.1],[1.62,1.05],[0,0],[4.2,1.32],[2.52,1.14],[2.16,2.67],[0,0],[0,3.78],[-1.86,2.91],[-3.48,1.59],[0,0],[0,0]],"v":[[249.21,91.17],[235.22,87.89],[225.09,77.58],[225.09,77.58],[235.98,70.65],[241.97,77.63],[249.93,79.92],[249.93,79.92],[256.81,77.94],[259.38,72.72],[259.38,72.72],[257.49,67.86],[252.68,64.84],[244.98,62.46],[244.98,62.46],[233.23,56.07],[229.05,44.73],[229.05,44.73],[231.84,34.88],[239.67,28.26],[251.28,25.92],[251.28,25.92],[263.38,28.89],[272.07,37.62],[272.07,37.62],[261.27,44.28],[256.5,38.84],[250.65,37.17],[250.65,37.17],[244.35,39.06],[241.92,44.1],[241.92,44.1],[244.35,48.83],[251.91,52.02],[251.91,52.02],[261.99,55.71],[269,61.42],[272.25,72],[272.25,72],[269.46,82.03],[261.45,88.78],[249.21,91.17],[249.21,91.17]]}}},{"ty":"fl","bm":0,"hd":false,"nm":"Fill","c":{"a":0,"k":[1,1,1]},"r":1,"o":{"a":0,"k":100}},{"ty":"tr","a":{"a":0,"k":[248.6699910555505,58.54500065678957]},"s":{"a":0,"k":[100,100]},"sk":{"a":0,"k":0},"p":{"a":0,"k":[248.6699910555505,58.54500065678957]},"r":{"a":0,"k":0},"sa":{"a":0,"k":0},"o":{"a":0,"k":100}}]},{"ty":"gr","bm":0,"hd":false,"nm":"Group 9","np":3,"it":[{"ty":"sh","bm":0,"hd":false,"nm":"Path 11","d":1,"ks":{"a":0,"k":{"c":true,"i":[[0,0],[0,0],[0,0],[0,0],[-2.34,1.47],[-3.9,0],[0,0],[-3.54,-2.22],[-2.07,-3.75],[0,-4.44],[0,0],[2.07,-3.72],[3.54,-2.19],[4.2,0],[0,0],[2.37,1.41],[1.32,2.58],[0,0],[0,0],[0,0]],"o":[[0,0],[0,0],[0,0],[1.38,-2.76],[2.34,-1.47],[0,0],[4.2,0],[3.54,2.22],[2.07,3.75],[0,0],[0,4.44],[-2.07,3.72],[-3.54,2.19],[0,0],[-3.78,0],[-2.37,-1.41],[0,0],[0,0],[0,0],[0,0]],"v":[[277.83,108],[277.83,43.2],[289.8,43.2],[289.8,50.76],[295.38,44.41],[304.74,42.21],[304.74,42.21],[316.35,45.54],[324.76,54.5],[327.87,66.78],[327.87,66.78],[324.76,79.02],[316.35,87.89],[304.74,91.17],[304.74,91.17],[295.52,89.06],[289.98,83.07],[289.98,83.07],[289.98,108],[277.83,108]]}}},{"ty":"sh","bm":0,"hd":false,"nm":"Path 12","d":1,"ks":{"a":0,"k":{"c":true,"i":[[0,0],[-1.08,-2.04],[-2,-1.2],[-2.58,0],[0,0],[-1.95,1.23],[-1.11,2.07],[0,2.4],[0,0],[1.08,2.04],[1.98,1.23],[2.52,0],[0,0],[2,-1.23],[1.08,-2.07],[0,-2.46],[0,0]],"o":[[0,2.46],[1.08,2.04],[2,1.2],[0,0],[2.52,0],[1.95,-1.23],[1.11,-2.07],[0,0],[0,-2.46],[-1.08,-2.04],[-1.98,-1.23],[0,0],[-2.58,0],[-2,1.23],[-1.08,2.07],[0,0],[0,0]],"v":[[289.62,66.78],[291.24,73.53],[295.88,78.39],[302.76,80.19],[302.76,80.19],[309.47,78.34],[314.06,73.39],[315.72,66.69],[315.72,66.69],[314.1,59.94],[309.51,55.04],[302.76,53.19],[302.76,53.19],[295.88,55.04],[291.24,59.98],[289.62,66.78],[289.62,66.78]]}}},{"ty":"fl","bm":0,"hd":false,"nm":"Fill","c":{"a":0,"k":[1,1,1]},"r":1,"o":{"a":0,"k":100}},{"ty":"tr","a":{"a":0,"k":[302.85002000483246,75.10499780808004]},"s":{"a":0,"k":[100,100]},"sk":{"a":0,"k":0},"p":{"a":0,"k":[302.85002000483246,75.10499780808004]},"r":{"a":0,"k":0},"sa":{"a":0,"k":0},"o":{"a":0,"k":100}}]},{"ty":"gr","bm":0,"hd":false,"nm":"Group 10","np":3,"it":[{"ty":"sh","bm":0,"hd":false,"nm":"Path 13","d":1,"ks":{"a":0,"k":{"c":true,"i":[[0,0],[3.66,2.19],[2.04,3.72],[0,4.5],[0,0],[-2.1,3.78],[-3.69,2.22],[-4.56,0],[0,0],[-3.63,-2.22],[-2,-3.75],[0,-4.5],[0,0],[0.24,-1.38],[0,0],[0,0],[-2,-1.71],[-3,0],[0,0],[-1.98,1.17],[-1.14,1.86],[0,0],[0,0],[3.72,-1.83],[4.56,0],[0,0]],"o":[[-4.74,0],[-3.66,-2.19],[-2.04,-3.72],[0,0],[0,-4.44],[2.1,-3.78],[3.69,-2.22],[0,0],[4.56,0],[3.63,2.22],[2,3.75],[0,0],[0,1.5],[0,0],[0,0],[0.72,2.82],[2,1.71],[0,0],[2.52,0],[1.98,-1.17],[0,0],[0,0],[-1.92,3],[-3.72,1.83],[0,0],[0,0]],"v":[[355.68,91.17],[343.08,87.89],[334.53,79.02],[331.47,66.69],[331.47,66.69],[334.62,54.36],[343.31,45.36],[355.68,42.03],[355.68,42.03],[367.97,45.36],[376.43,54.32],[379.44,66.69],[379.44,66.69],[379.08,71.01],[379.08,71.01],[344.07,71.01],[348.17,77.81],[355.68,80.37],[355.68,80.37],[362.43,78.61],[367.11,74.07],[367.11,74.07],[376.56,81.18],[368.1,88.42],[355.68,91.17],[355.68,91.17]]}}},{"ty":"sh","bm":0,"hd":false,"nm":"Path 14","d":1,"ks":{"a":0,"k":{"c":true,"i":[[0,0],[0,0],[2.1,1.8],[2.88,0],[0,0],[2.07,-1.74],[0.66,-2.82],[0,0]],"o":[[0,0],[-0.72,-2.7],[-2.1,-1.8],[0,0],[-2.82,0],[-2.07,1.74],[0,0],[0,0]],"v":[[344.07,61.92],[367.2,61.92],[362.97,55.17],[355.5,52.47],[355.5,52.47],[348.17,55.08],[344.07,61.92],[344.07,61.92]]}}},{"ty":"fl","bm":0,"hd":false,"nm":"Fill","c":{"a":0,"k":[1,1,1]},"r":1,"o":{"a":0,"k":100}},{"ty":"tr","a":{"a":0,"k":[355.4549814519419,66.60000012268694]},"s":{"a":0,"k":[100,100]},"sk":{"a":0,"k":0},"p":{"a":0,"k":[355.4549814519419,66.60000012268694]},"r":{"a":0,"k":0},"sa":{"a":0,"k":0},"o":{"a":0,"k":100}}]},{"ty":"gr","bm":0,"hd":false,"nm":"Group 11","np":3,"it":[{"ty":"sh","bm":0,"hd":false,"nm":"Path 15","d":1,"ks":{"a":0,"k":{"c":true,"i":[[0,0],[3.54,2.19],[2.07,3.72],[0,4.44],[0,0],[-2.07,3.75],[-3.54,2.22],[-4.2,0],[0,0],[-2.37,-1.44],[-1.32,-2.7],[0,0],[0,0],[0,0],[0,0],[0,0],[0,0],[2.37,-1.53],[3.96,0],[0,0]],"o":[[-4.2,0],[-3.54,-2.19],[-2.07,-3.72],[0,0],[0,-4.44],[2.07,-3.75],[3.54,-2.22],[0,0],[3.84,0],[2.37,1.44],[0,0],[0,0],[0,0],[0,0],[0,0],[0,0],[-1.38,2.82],[-2.37,1.53],[0,0],[0,0]],"v":[[406.08,91.17],[394.47,87.89],[386.06,79.02],[382.95,66.78],[382.95,66.78],[386.06,54.5],[394.47,45.54],[406.08,42.21],[406.08,42.21],[415.4,44.37],[420.93,50.58],[420.93,50.58],[420.93,43.2],[432.99,43.2],[432.99,90],[421.2,90],[421.2,82.35],[415.58,88.88],[406.08,91.17],[406.08,91.17]]}}},{"ty":"sh","bm":0,"hd":false,"nm":"Path 16","d":1,"ks":{"a":0,"k":{"c":true,"i":[[0,0],[-1.11,-2.07],[-1.95,-1.23],[-2.52,0],[0,0],[-2,1.2],[-1.08,2.04],[0,2.46],[0,0],[1.08,2.07],[2,1.23],[2.58,0],[0,0],[1.98,-1.23],[1.08,-2.04],[0,-2.46],[0,0]],"o":[[0,2.4],[1.11,2.07],[1.95,1.23],[0,0],[2.58,0],[2,-1.2],[1.08,-2.04],[0,0],[0,-2.46],[-1.08,-2.07],[-2,-1.23],[0,0],[-2.52,0],[-1.98,1.23],[-1.08,2.04],[0,0],[0,0]],"v":[[395.1,66.69],[396.77,73.39],[401.36,78.34],[408.06,80.19],[408.06,80.19],[414.95,78.39],[419.58,73.53],[421.2,66.78],[421.2,66.78],[419.58,59.98],[414.95,55.04],[408.06,53.19],[408.06,53.19],[401.31,55.04],[396.72,59.94],[395.1,66.69],[395.1,66.69]]}}},{"ty":"fl","bm":0,"hd":false,"nm":"Fill","c":{"a":0,"k":[1,1,1]},"r":1,"o":{"a":0,"k":100}},{"ty":"tr","a":{"a":0,"k":[407.9699874955147,66.69000160993454]},"s":{"a":0,"k":[100,100]},"sk":{"a":0,"k":0},"p":{"a":0,"k":[407.9699874955147,66.69000160993454]},"r":{"a":0,"k":0},"sa":{"a":0,"k":0},"o":{"a":0,"k":100}}]},{"ty":"gr","bm":0,"hd":false,"nm":"Group 12","np":2,"it":[{"ty":"sh","bm":0,"hd":false,"nm":"Path 17","d":1,"ks":{"a":0,"k":{"c":true,"i":[[0,0],[0,0],[0,0],[0,0],[0,0],[0,0],[0,0],[0,0],[0,0],[0,0],[0,0],[0,0]],"o":[[0,0],[0,0],[0,0],[0,0],[0,0],[0,0],[0,0],[0,0],[0,0],[0,0],[0,0],[0,0]],"v":[[471.15,90],[452.34,67.77],[452.34,90],[440.19,90],[440.19,24.3],[452.34,24.3],[452.34,62.1],[469.89,43.2],[487.17,43.2],[465.12,64.98],[487.26,90],[471.15,90]]}}},{"ty":"fl","bm":0,"hd":false,"nm":"Fill","c":{"a":0,"k":[1,1,1]},"r":1,"o":{"a":0,"k":100}},{"ty":"tr","a":{"a":0,"k":[463.7250470800004,57.14999142956529]},"s":{"a":0,"k":[100,100]},"sk":{"a":0,"k":0},"p":{"a":0,"k":[463.7250470800004,57.14999142956529]},"r":{"a":0,"k":0},"sa":{"a":0,"k":0},"o":{"a":0,"k":100}}]}],"ind":1}]}]}